filename,path,label,fractal_equation,fractal_fitting_success,fractal_overlay_path,mean_intensity,std_dev,variance,skewness,kurtosis,range_intensity,min_intensity,max_intensity,entropy_shannon,entropy_local,edge_density,edge_magnitude_mean,edge_magnitude_std,edge_orientation_std,haralick_contrast,haralick_dissimilarity,haralick_homogeneity,haralick_energy,haralick_correlation,haralick_asm,lbp_uniform_mean,lbp_variance,lbp_entropy,fractal_dim_higuchi,fractal_dim_katz,fractal_dim_dfa,fractal_dim_boxcount,lacunarity,wavelet_energy_approx,wavelet_energy_horizontal,wavelet_energy_vertical,wavelet_energy_diagonal,wavelet_entropy,tamura_coarseness,tamura_contrast,tamura_directionality,area_coverage,circularity,solidity,perimeter_complexity,fractal_hurst_exponent,fractal_amplitude_scaling,fractal_goodness_of_fit
sample_0.jpg,/path/to/sample_0.jpg,cotton,"fBm(H=0.450, σ=2.401)",True,/path/to/overlay_0.png,186.6584551619083,5.986584841970366,1.5601864044243652,1.5599452033620265,0.5808361216819946,220.87491717260846,153.28432799451824,180.55850733799159,0.16467595436641957,7.759278817295955,8.324426408004218,2.1233911067827616,1.8182496720710062,1.8340450985343382,3.0424224295953772,5.247564316322379,4.319450186421157,0.2912291401980419,6.118528947223795,1.3949386065204183,2.9214464853521815,3.663618432936917,3.6485598737362874,1.5918343266467259,0.4793801861008835,1.077045432985862,1.2255876808378807,0.46450412719997725,0.6075448519014384,0.17052412368729153,0.06505159298527952,0.9488855372533332,7.725056264596475,8.08397348116461,3.0461376917337066,0.9767211400638387,6.842330265121569,4.4015249373960135,1.2203823484477883,4.951769101112702,0.16533819011891496,1.8277087639496858,0.5916819650400321
sample_1.jpg,/path/to/sample_1.jpg,polyester,"fBm(H=0.565, σ=1.123)",True,/path/to/overlay_1.png,132.61734540034175,5.4671027934327965,1.8485445552552704,9.695846277645586,7.7513282336111455,239.57223009886823,228.18097435905045,152.4644945968267,7.374993880184935,0.707940016415356,1.959828624191452,0.45227288910538066,3.2533033076326436,3.8867728968948203,2.713490317738959,8.287375091519294,3.567533266935893,0.28093450968738076,5.426960831582485,1.4092422497476265,8.021969807540398,0.7455064367977082,7.895095492804138,1.5672650616636492,0.4775597949149275,0.11049202253484457,1.6493767140641848,7.068573438476172,0.7290071680409873,0.7712703466859457,0.07404465173409036,0.3584657285442726,0.9269524762010377,8.631034258755935,6.232981268275579,3.308980248526492,0.6355835028602363,3.109823217156622,3.2518332202674705,7.29606178338064,1.3113591955749049,1.7857042108950205,0.9972083578077036
sample_2.jpg,/path/to/sample_2.jpg,denim,"fBm(H=0.348, σ=1.926)",True,/path/to/overlay_2.png,194.00018739730885,5.612771975694963,7.70967179954561,4.937955963643907,5.227328293819941,109.02295968143015,6.481877319744273,27.512313883292634,0.251433485493874,5.091283290110243,3.143559810763267,5.085706911647028,9.07566473926093,2.4929222914887497,4.103829230356297,7.555511385430487,2.2879816549162246,0.07697990982879299,2.8975145291376805,1.6122128725400442,9.29697652342573,8.08120379564417,5.067230052083388,1.7557751213566637,1.6269769461083174,0.4544831118834681,1.7958620971309578,5.393422419156507,0.8074401551640625,0.8960912999234932,0.3180034749718639,0.11005192452767676,1.8234813003355335,4.271077886262563,8.18014765922493,8.607305832563434,0.06952130531190703,5.107473025775658,4.17411003148779,2.2210781047073027,0.32774419793399734,0.7414688256668931,1.8915284374337864
sample_3.jpg,/path/to/sample_3.jpg,cotton,"fBm(H=0.429, σ=1.538)",True,/path/to/overlay_3.png,179.26983451827036,3.63629602379294,9.717820827209607,9.624472949421111,2.5178229582536416,126.79836900255829,76.72396900327627,72.63432606625425,0.29509557883626236,4.876514671839175,5.026790232288615,0.5147875124998935,2.7864646423661146,9.082658859666537,2.395618906669724,1.448948720912231,4.89452760277563,0.9856504541106007,2.4205527151150044,6.721355474058786,7.616196153287175,2.3763754399239967,5.825730788894877,0.798787952166581,1.301381078127801,1.3037064504456999,1.1179718997420411,0.902897700544083,0.835302495589238,0.32078006497173583,0.18651851039985423,0.040775141554763916,4.7271435455059345,6.775643618422825,0.16587828927856152,5.12093058299281,2.2649577519793795,6.451727904094499,1.7436642900499144,6.90937738102466,0.834797157971021,1.8797869785997956,0.36128979387738713
sample_4.jpg,/path/to/sample_4.jpg,polyester,"fBm(H=0.436, σ=0.727)",True,/path/to/overlay_4.png,235.79687266103352,8.77339353380981,2.579416277151556,6.59984046034179,8.172222002012159,141.5762069578629,135.06089748078165,61.67233417961518,0.7448221424471937,7.177726063626614,9.004180571633304,6.33101457273268,3.390297910487007,3.492095746126609,7.259556788702394,8.971102599525771,8.870864242651173,0.7798755458576239,6.420316461542877,0.8413996499504883,1.6162871409461377,8.985541885270793,4.8514324772767194,0.11747439807159633,0.292795931445461,1.360653361305306,0.10961700930781551,1.6080805141749865,0.5487337893665861,0.6918951976926933,0.6519612595026005,0.22426930946055978,5.697433770780287,2.3724908749680007,3.2539969815926773,7.464914051180242,6.496328990472147,8.49223410494178,6.576128923003433,5.683086033354716,0.2779820588733757,0.7986600258129236,0.6038844985952783
sample_5.jpg,/path/to/sample_5.jpg,denim,"fBm(H=0.398, σ=2.446)",True,/path/to/overlay_5.png,100.2399197900239,8.920465551771134,6.311386259972629,7.948113035416484,5.026370931051921,147.11049057972158,125.59201192381029,49.786961888501345,5.779616922092043,2.2461788995268464,0.2431596643145384,6.454722959071678,1.7711067940704894,9.404585843529143,9.539285770025874,9.148643902204485,3.7015870025544437,0.015456616528867428,9.283185625877254,4.281841483173143,9.666548190436696,9.636199770892528,6.8240756437388805,0.6594528949322127,0.831685684343658,1.7171596758820282,0.7021518097969275,1.6949274668609249,0.5568012624583502,0.936154774160781,0.696029796674973,0.570061170089365,0.7774119501661483,6.150072266991698,9.900538501042632,1.4008401523652403,5.183296523637368,8.773730719279554,7.407686177542044,6.97015740995268,1.4347197595755077,0.7830331873175348,0.6578245041025373
sample_6.jpg,/path/to/sample_6.jpg,cotton,"fBm(H=0.624, σ=2.120)",True,/path/to/overlay_6.png,221.10344123792643,9.132405525564714,5.113423988609378,5.015162946871996,7.9829517896677515,165.7408023483301,179.00155370071437,202.92713070620576,7.12004273454053,2.7039612548122864,3.75582952639944,0.93981939840869,5.78280140996174,0.35942273796742086,4.655980181324601,5.426446347075766,2.865412521282844,0.5908332605690108,0.3050024993904943,0.37348188749214417,8.226005606596583,3.601906414112629,1.0164841012150783,1.0922621941041284,1.5629877508873606,0.510059952244002,1.2834919040561006,0.85347464993768,0.0516817211686077,0.531354631568148,0.5406351216101065,0.6374299014982066,5.808730669781292,9.758520794625346,5.163003483011953,3.2295647294124596,7.9518619476870365,2.708322512620742,4.389714207056361,0.7845638134226596,0.14816641248936926,1.9290319878880575,1.688362228973191
sample_7.jpg,/path/to/sample_7.jpg,polyester,"fBm(H=0.578, σ=1.318)",True,/path/to/overlay_7.png,44.190051618065674,1.5643704267108605,2.502428981645953,5.4922666470612045,7.145959227000623,168.35033106302149,71.38314372121542,243.4906465691145,5.903175333566148,4.4348324200912055,6.117207462343522,4.196000624277899,2.4773098950115746,3.559726786512616,7.578461104643691,0.14393488629755868,1.1607264050691624,0.04600264202175275,0.40728802318970136,8.554605840110073,7.036578593800237,4.741738290873252,0.7826732852080118,1.0340701627219815,0.9995963644830748,0.4290835528290289,0.9243181335521488,3.9850473439737346,0.6158500980522165,0.6350936508676438,0.04530400977204452,0.3746126146264712,5.006879325713891,5.031362585800877,8.564898411883222,6.58693631618945,1.629344270814297,0.7056874740042984,6.424192782063156,0.26511310541621813,1.2129736044195802,1.8864374587074195,1.1934009379641701
sample_8.jpg,/path/to/sample_8.jpg,denim,"fBm(H=0.455, σ=1.787)",True,/path/to/overlay_8.png,116.85448707533673,5.45616789315935,9.41464808776525,3.8610263780077423,9.611905638239142,230.86441369879626,49.92673937127059,17.68713172316719,0.8062240110194132,0.14577460521239782,0.944429607559284,6.830067734163569,0.7118864846022899,3.189756302937613,8.448753109694545,0.23271935735825866,8.144684825889358,0.28185477477339993,1.1816482762165625,6.967371653641506,6.28942846779884,8.77472013527053,5.880568350431086,1.6266137677312122,0.6358656878854823,0.43713513318147335,1.5261680281176309,8.06834739267264,0.9905051420006733,0.4126176769114265,0.37201808579278317,0.7764129607419968,2.7264283220241428,9.307573256035647,8.584127518430119,4.289940273750183,7.508710677914974,7.545428740846823,1.031238688359326,9.025529066795666,1.0599795076509286,1.6702691856047092,0.7080942419581623
sample_9.jpg,/path/to/sample_9.jpg,cotton,"fBm(H=0.658, σ=1.278)",True,/path/to/overlay_9.png,2.7636011274760817,9.053819764192637,0.9128667678613356,3.1931363759041487,9.50061967050805,242.4048224690768,146.22666147143795,161.1184891032988,3.587564175826558,2.3456861735845163,3.2866454536991596,6.725184560770384,7.5237452943768,7.915790437258485,7.896181427945539,0.9120610304869037,4.944203047025814,0.057558760016644284,5.495288823237355,4.41530501373377,8.877041827582998,3.5091501255207866,0.9365361314208469,0.37168419590038815,1.5468702002631973,1.274614320300896,0.29213308463330145,0.8410680611499743,0.70096913145912,0.07276300636419353,0.8218600592903562,0.7062422271564962,0.6507902451351981,0.8483771408519192,9.866395785011754,3.742707957561203,3.706421470668909,8.127995672575025,9.472485773838587,9.860010638228708,1.5314185519919892,0.8148932125087399,0.25865136172747066
sample_10.jpg,/path/to/sample_10.jpg,polyester,"fBm(H=0.611, σ=1.617)",True,/path/to/overlay_10.png,108.17661235797895,9.06354385094736,1.1119748230615134,4.926251042908591,0.11353644767419069,119.5084637085022,14.357335298868524,30.29856864835834,0.940209974216839,5.1936824169285085,7.460448792654233,5.833687650971596,9.621725484745419,3.748705795237041,2.8571208628186073,8.685991281894603,2.235958385194526,0.9632225394406113,0.12154474689816341,9.69878826707639,0.43159911950576113,8.911431136980712,4.221608872690399,1.9866331126266705,0.24021347299725784,1.1523231403625096,1.9416748176762881,5.230978441701488,0.6293986381352625,0.6957486889846172,0.45454106476777323,0.6275580800840634,4.674514495384802,9.01158010490989,0.4544638034145787,2.809631895922303,9.504114840765588,8.902637838909163,4.55656752785713,6.201325978015367,0.627024247664152,0.4574302034751465,0.981026969385966
sample_11.jpg,/path/to/sample_11.jpg,denim,"fBm(H=0.441, σ=1.667)",True,/path/to/overlay_11.png,19.822332426071135,9.743948076661665,9.86210744479603,6.981617140197452,5.360963663441204,78.92954215301357,207.5177300252719,174.6064490012392,1.3009355147591304,7.28741747595074,8.22537242923169,9.49799913291924,7.2571950838836,6.134151959357899,4.182430362906189,9.327284833540133,8.660638895004084,0.04521867010618941,0.26366974497252005,3.7646336687804958,8.105533307818328,9.872761293149445,1.2033351288282255,1.2288483591690569,0.8236926275989408,1.942837355847746,1.7000259539578466,8.383287047111379,0.4686931597949703,0.4148195023376652,0.27340707193070624,0.056375496650927115,6.917779010040426,8.129010091300776,9.997176732861305,9.966368370739055,5.5543170560262745,7.689874151805105,9.44765729882428,8.496473906774115,0.5699613933120755,0.9560338570891777,0.3454028887878404
sample_12.jpg,/path/to/sample_12.jpg,cotton,"fBm(H=0.682, σ=1.712)",True,/path/to/overlay_12.png,58.303915403382994,6.7170068440585675,6.181282404578958,3.5816271803284048,1.1355759219962902,171.2511648761639,132.67846373046729,196.94118989258803,4.161308008895947,6.817452002548321,5.519068387744856,5.609379715353863,8.76653602658345,4.034828662123971,1.3401522845064073,0.28782676313338973,7.55137255673619,0.6203095513534647,7.0407976809922355,2.129641615089107,1.3637147558676976,0.14544665667881929,2.804700470452776,1.220843605023803,0.8452636856894914,0.9312023518450852,1.817901519538122,3.4825546702330037,0.5139894891598108,0.7836530127411431,0.39654278232127016,0.6220867002278735,6.898909669973961,9.495206236576422,1.4707348092903794,9.265876251614944,4.921162930795382,2.5824438829895833,4.591357562382613,9.800325752854771,1.0359743785864521,0.7246280595462655,1.303461623201779
sample_13.jpg,/path/to/sample_13.jpg,polyester,"fBm(H=0.396, σ=0.652)",True,/path/to/overlay_13.png,32.86432908721555,1.2804583895777244,1.5190269351229435,1.3882717264941014,6.4087474480321465,46.37942152178193,88.14515724758512,228.68104452603302,3.791693122102979,5.340461908168217,1.7231987120162984,1.9228901880867078,0.40868616266478863,1.6893506307216455,2.7859033903195862,1.7701048427674682,0.8870253375705561,0.12063587110060081,4.607787680327258,2.063337184057925,3.6426986104807546,5.034172708548569,5.523158629034922,0.17469306569808798,1.618879757927181,1.2930107400327249,0.25534216070285665,8.735786241067773,0.9208724005318132,0.06107795985486375,0.2768776481472037,0.8062012797930613,5.986077523069267,1.8452101935637732,2.093493233367103,3.70472102791382,4.845229851910213,6.1825477153029595,3.689136395697724,4.625347161331479,1.5201947824541375,0.169698085492136,0.5796301942536394
sample_14.jpg,/path/to/sample_14.jpg,denim,"fBm(H=0.585, σ=2.290)",True,/path/to/overlay_14.png,130.47774773949487,5.321134852653157,1.0717201133977605,4.474123668234546,5.326172664550231,61.829978426856066,68.65702389209214,96.20746159167878,0.16056958222181095,2.5766333246654263,2.1144800699654462,3.2749735217791462,1.1976213181925122,8.90527280739895,5.935924535540487,6.791023191444896,7.891712386073383,0.4984421989290573,0.8692028808742369,5.371065418185478,5.868411180208791,7.4543947418433,3.453276369837435,0.34240257531157114,0.6391742210175765,0.7898563631574066,1.3272427585300424,5.707783046689119,0.35609672589784624,0.9865152487929797,0.6057748193568872,0.23722679173599448,0.8142597809632299,1.5285913918433203,2.459577283845081,1.6068137325955567,1.8656702405130576,2.850951686938471,1.7337359529475482,8.967654246264251,0.2524441167571202,1.096571640183484,0.8797539712803568
sample_15.jpg,/path/to/sample_15.jpg,cotton,"fBm(H=0.693, σ=0.724)",True,/path/to/overlay_15.png,101.45317775666412,9.69470433275369,8.655071258939802,8.1707207094928,2.579028270449398,43.57633478446679,170.5040210807299,236.99087722753438,4.454103144111438,4.572901515759199,2.7997909366028417,7.694929331919369,1.8704374855752337,3.2367923640424365,4.254364386164168,5.07610378684455,2.4240973241508024,0.11483682473920354,6.1062004244163255,2.8863055324025577,5.812382214226123,1.5436271527420231,3.84912081483854,1.1119199218480131,0.1984647199626111,0.7395481285684491,0.35538788618405104,0.6337497047276774,0.9899602323899452,0.32235384497472297,0.8098744458546349,0.25464065476376385,5.452021777791434,7.6022785988968655,5.956387406078443,4.715761885501584,4.118409141472686,3.4886826654299528,9.29529144247826,8.306194077877292,1.933551130266374,0.336164724622535,1.4886482028869241
sample_16.jpg,/path/to/sample_16.jpg,polyester,"fBm(H=0.675, σ=0.862)",True,/path/to/overlay_16.png,16.956548178528262,7.4112064929005905,5.744731131799119,8.41828776758272,1.397723766262895,202.793164524272,51.41496661217486,41.73226543075465,1.3141263834479435,6.516597761851057,6.651972206962001,5.230654247691193,3.5883048412350247,8.772005408131083,3.924451074226354,8.16599439471577,4.391349085702184,0.3769444294249076,4.626797856696064,3.0137787416414206,7.476093801762511,5.027203900924792,1.8577015611745384,1.8091916892216802,0.8293933206091016,1.1327504361165783,1.8222970108326393,6.242379959139921,0.11689804070836407,0.9398321236134751,0.6277080530714179,0.3349056146570861,1.114176581307098,7.9402518927029595,6.200727559285135,5.334610919763215,8.938925830509577,7.885972112245307,1.5167487973275118,3.1172206779554825,0.5721293656474848,1.5134979558880863,0.16371162599798084
sample_17.jpg,/path/to/sample_17.jpg,denim,"fBm(H=0.528, σ=2.025)",True,/path/to/overlay_17.png,223.57523737424611,3.4208174871590744,8.212573046720129,1.1063173695520723,8.464522917345182,32.509608894655514,101.30825909289365,203.31031827378618,1.1993394187901902,1.8340111618611319,7.222525683930662,7.200365365460744,6.411476328852973,6.939484444671001,5.427244433475962,2.5179905890695276,3.4569599350391944,0.18159771680142567,9.084505613336283,5.833917947661204,4.008514167636399,4.620058036441327,7.578266716894523,0.3913676659205524,1.2138366808319148,1.0611884898804853,1.261763047325831,0.18110183820840509,0.8721239089441515,0.9321182824836124,0.5651331835892089,0.6966508238768923,7.3799950494183655,7.072386343133986,1.5253904291426135,5.762883601668132,6.067150463828559,4.24130671302386,7.3644423562472285,9.343670147690148,1.858580174522875,0.9565948056678509,0.315152287097435
sample_18.jpg,/path/to/sample_18.jpg,cotton,"fBm(H=0.694, σ=2.178)",True,/path/to/overlay_18.png,31.788983706833047,9.208418826173723,8.698963620621283,5.188380571260721,5.912754357449293,101.74568948688322,13.96421789961799,85.47529661970474,6.4228275887840915,0.03705618403682287,3.334991716911442,3.9816869359094333,5.373956029379229,9.198556164127606,3.4634599436596125,3.469532018962277,7.3750124810974835,0.45221794088980716,2.2460482293998196,4.524395161326934,1.4085702037979986,1.763869865062233,3.986942181915838,0.895958354058641,1.8382072120293902,0.7885484083216029,1.2031178655282826,6.322642879195303,0.013094456588333636,0.6635373720167106,0.17803596686975143,0.9610703174694551,1.1893018220249036,4.146241237270237,0.8534966807864386,9.968742518459473,5.021950103312426,5.953850173200438,0.6707647738842748,7.499604703991778,0.4988206268816129,1.806303149937356,0.4897653169158136
sample_19.jpg,/path/to/sample_19.jpg,polyester,"fBm(H=0.376, σ=0.573)",True,/path/to/overlay_19.png,120.3770710030498,5.648411332626164,0.6570863942835237,7.755276166950106,4.532888347480276,133.71951867853292,112.39450046924817,102.19458052320813,4.477122650465743,1.2419219674457,1.8192813049527112,8.617856210135173,9.461154621336327,3.7330931627975295,2.707446731435538,6.439995432390157,4.087341710980964,0.02538635566034486,1.5615259736619036,7.159722288473976,6.589239419101514,0.2709599250348349,1.7757772954635955,0.5390421135173357,1.376596212837584,0.1374500217332919,0.29780630577069034,7.999160853731894,0.1785446620543336,0.6527461078518747,0.23818278104672652,0.09944139275934516,1.9453775279956327,7.2226693185565916,8.556964681062858,8.302198645669916,3.9718352961845484,6.680851365706461,2.0498429541582097,2.9314773026101326,1.8030380551901275,0.12470365467039847,0.26246620862348935
sample_20.jpg,/path/to/sample_20.jpg,denim,"fBm(H=0.383, σ=0.553)",True,/path/to/overlay_20.png,46.26603594789832,5.830415609696922,4.214245505924979,8.926717110769749,8.17443561738441,87.16342468295838,66.15297552497958,96.82156408265305,4.722359540118462,2.14450912658301,6.24148907849134,4.0941165219124045,5.520471808519803,4.361265291353167,2.9446575954191765,9.484533069621566,7.636057941597608,0.14011317576645255,8.684679758979128,4.874311982495136,8.945522268940914,7.998552559473152,3.4017080357538676,0.14269168580822306,0.6104869828313975,1.1291050078556473,1.30360861766968,2.578876854332023,0.13935607407282413,0.8349302367992991,0.9844021807035521,0.5256901823026858,1.373434286786428,2.7230732651936895,0.18390676547466733,9.14298806560499,1.1775108289014113,5.765164755142536,2.74055220687206,5.541780025157934,1.337698737868542,1.676509427043683,0.4922004163451461
sample_21.jpg,/path/to/sample_21.jpg,cotton,"fBm(H=0.304, σ=0.774)",True,/path/to/overlay_21.png,229.5047536712668,8.738900775625153,5.974131021703083,6.005168604336534,6.650366745462555,44.71967604897964,233.17504621086474,106.78648384747865,3.0651082259959797,4.1513416422627,0.46965966775055046,1.662833687560794,7.380336164263705,0.8279866792512647,6.031521094663882,2.4534910968132095,3.8929561404197655,0.28869373677069987,3.5567271646494913,7.1904590518424545,2.9712171562317504,5.664046402968972,3.8084032175927973,1.3609752141890314,1.8799765047170403,1.4918869846994756,0.5083867193224378,0.3118313506128467,0.2622640442998251,0.5950779307002548,0.05142581348425035,0.49636624720123634,4.774742791335114,3.3424389081696084,7.7091220374582194,1.065982531337718,0.7513778173580876,7.281887562036033,4.954913162061985,6.88402396427736,0.9261719433471177,0.5681638631543029,1.6562944035809795
sample_22.jpg,/path/to/sample_22.jpg,polyester,"fBm(H=0.620, σ=1.889)",True,/path/to/overlay_22.png,69.39700999364048,5.902306668690871,3.6097389694002677,0.9158207332663415,9.173135754622429,34.88875088433516,242.31052522430463,113.73147210427871,1.4810634307089572,4.335207579026865,8.729458358764083,7.322248864095612,8.065611478614498,6.587833667107174,6.922765645178525,8.491956515653193,2.4966800885918596,0.4894249636431405,2.2120944181960223,9.87668007996647,9.440593396866133,0.394268113685059,5.644601380125508,1.8579718030897652,0.44309315574193375,1.1790959380499961,1.8394277654172795,0.3394597858579884,0.6974202672468399,0.29734900737255077,0.9243961953765304,0.9710582451653678,7.554131912907471,4.742142166574638,8.620426509893134,8.445493985350703,3.1910047324325563,8.289154741506774,0.3700763471549262,5.96269878482053,0.5370167908466358,0.3290770829768297,0.24621108309549739
sample_23.jpg,/path/to/sample_23.jpg,denim,"fBm(H=0.579, σ=1.180)",True,/path/to/overlay_23.png,184.81552673983418,0.6535634079894237,3.152903378306103,5.394912923753372,7.907231648389636,81.28188824767783,159.60230099143732,225.9243258002277,4.9269055054584365,1.8636757980290701,0.2440078155653802,8.700988739009299,0.21269410850387138,8.747016726841995,5.28937134027212,9.390676985128962,7.987832357736654,0.9979341105333375,3.5071181545171015,7.671882889311269,4.019309136092422,4.798756203039089,5.020043705746961,1.7599865169540436,1.9697585914786608,1.5597194863425845,0.8937568861179341,4.213570022770702,0.7375823015888915,0.23877714576830233,0.11047411313139466,0.35462215764077654,2.297911933232654,2.963081204559901,2.3360775104990994,0.42093189636361883,0.1787393473341381,9.877223897360315,4.277731337358624,3.8432664715968166,1.3913298371168328,0.5146823869436219,1.9049262495054282
sample_24.jpg,/path/to/sample_24.jpg,cotton,"fBm(H=0.615, σ=0.679)",True,/path/to/overlay_24.png,106.48309782515673,8.791183075621646,9.447320222914103,4.674015112498697,6.134113892107077,42.59365625347918,252.747999664929,59.07628385277807,7.541854193081005,5.197173191938948,6.077367948788591,5.126885110165086,2.3066981171775867,1.7652803200550826,2.2048620907017535,1.8643826214425452,7.795844735667533,0.3501252591667301,0.5784267656339637,9.691026301408113,8.837858849634257,9.27752283195213,7.959262581171482,0.4304009735170259,0.8528598359150515,1.5406531038377735,1.4224391743022053,1.5389590633985506,0.8158331249906178,0.22444057183666066,0.22381761482262308,0.5369744228934136,4.743519478733625,5.8008620783781115,0.9148683739775487,8.774608626303804,2.6560004258870604,1.2951492128280417,8.887480798689772,9.556514982297534,1.7380424728043562,1.6380805419772684,1.3449597632141412
sample_25.jpg,/path/to/sample_25.jpg,polyester,"fBm(H=0.520, σ=0.674)",True,/path/to/overlay_25.png,104.15556933302817,3.72688517012314,2.5975378376032623,7.234201136885849,4.9587573507877085,20.666785056450223,56.14671649720189,174.23098473319695,0.6090468759224015,6.8096553123901495,4.951465270139743,4.80586577326648,5.924077846595176,8.246809659251491,3.4780920790219305,6.780161525590636,5.657319639957911,0.2670282701694213,8.78629986355158,7.974260216069281,6.584518346584255,8.505817290942419,6.938353607678419,1.445889655758566,1.6903253238909768,1.425195777171639,1.3922674663445709,6.186113782151843,0.7527166395576412,0.1586051052930737,0.8808707591989284,0.871843527745232,0.23397826427647317,8.258167505647627,1.288698674734452,3.351188542591419,7.435082562916078,1.607598960483082,8.179670241190621,8.32134177957742,1.0641886941455887,0.11213315626198381,0.6453724530323343
sample_26.jpg,/path/to/sample_26.jpg,denim,"fBm(H=0.547, σ=2.462)",True,/path/to/overlay_26.png,161.11244938925043,2.5980358106415977,6.340057030996114,5.3998537971585545,7.798453951511436,27.280062900874395,194.06211513801713,138.02297756240813,7.703936030871957,2.7349773283094887,6.326218931339481,9.320281055100175,1.0250972799067926,9.372284872364512,6.878857223008134,0.678370591051719,3.0096356694681625,0.7081720886452816,0.673506014687717,5.8217046017627325,3.4588305695295674,6.209155177674771,0.3659362705001028,1.7559199316895149,1.949629041437054,1.9408679250428138,1.524338480311557,1.3008624013063197,0.7582631959290226,0.02458691645880151,0.022123551528997254,0.32361021914954125,3.909145523237326,7.704074178077932,6.832953766065052,4.459027063767484,2.736266662816659,9.971245001577111,4.261813022359729,4.513870243296755,0.4108852602641715,1.6101381426248658,1.4179962289848285
sample_27.jpg,/path/to/sample_27.jpg,cotton,"fBm(H=0.388, σ=0.665)",True,/path/to/overlay_27.png,173.52732202905185,6.545112142811353,2.7325952699820935,9.508635622504103,1.5105789178090023,110.24537426586349,240.62205964273772,107.03046581616118,5.108207581312684,3.180755183702354,2.7421520234867005,9.839776479598282,4.09334006315043,8.940992036791345,2.299546058910862,2.131047040250833,0.3113408288451136,0.651666825375885,3.6852634372376114,8.64358249839637,4.732099066915572,9.681934279147217,1.4842041256249692,1.7503840191156605,1.5755340203043093,1.5647515048236988,1.7050881334220866,7.610239909429989,0.6262203216314154,0.13124487768238757,0.032526179491251916,0.9208478478156868,4.933202516165904,7.965372909761763,4.815223515125501,1.1730818896239448,1.2518579220255044,6.855652872289713,4.303058948994627,2.005247267003367,1.03402963880873,0.22199698044275476,1.2057456636373578
sample_28.jpg,/path/to/sample_28.jpg,polyester,"fBm(H=0.408, σ=2.095)",True,/path/to/overlay_28.png,79.1422995255113,4.552201490818012,0.11620539908100636,0.7244688779455888,3.924935564066848,122.3844028528665,153.00523977042243,74.37395757087232,5.55985508901234,6.880979177513637,7.7985098889334985,0.39618825348357145,4.805069472578289,1.0493017841817487,2.4204501586252745,9.866625932671464,1.4249554290151323,0.49888815345135606,6.181557343181191,7.024649705441039,5.5964868348691414,0.09770847419183659,2.611690465951935,1.0836521224309517,0.2669463483751834,0.7661911692974434,0.16308590670359646,0.7857849715502074,0.39692327620159606,0.13271575404306035,0.5675408482615582,0.6894649691372657,6.404693592872663,2.0015024424481007,1.6748258225906976,1.0456784033440025,6.364302495436367,7.064757264869011,0.3158614482564204,9.362122462436899,0.19874543893779759,1.1284630370720339,1.4472149869567412
sample_29.jpg,/path/to/sample_29.jpg,denim,"fBm(H=0.648, σ=1.928)",True,/path/to/overlay_29.png,204.4406611827969,3.3945019254280604,8.148251137465122,0.8011484638467514,8.948166560605276,139.63605591920273,208.4109313404359,115.34116255216654,5.1486215615722,4.211221287488906,7.315895217553319,0.8162998203058958,0.603520839905638,2.4710323401014644,1.5954468011318834,8.717835665922017,2.192139873580443,0.9758652558191313,3.3689579177110685,1.8211791568869928,7.896985071424791,6.587077755008761,3.985565731625112,1.1551907467814995,1.4664833787173013,0.5340640085294676,1.9930344405078098,9.747931621467831,0.6503256863469369,0.19954245092914513,0.6802282424312913,0.07219840897917584,0.24522001764644852,2.576828885112137,4.626229567393163,8.682725054083805,7.271690697663081,7.42706521199981,4.2549333444807536,3.4593499254696294,0.804973649670745,1.9765341710985098,0.1762074636837167
sample_30.jpg,/path/to/sample_30.jpg,cotton,"fBm(H=0.647, σ=1.657)",True,/path/to/overlay_30.png,111.84693189334557,7.252576604151365,4.866689414247029,8.734232380816605,9.007018640112586,107.53883635273112,70.59108829493815,151.04933379130736,7.298906764933528,1.6852975120453326,6.229665835634828,6.3156022009252055,7.33113022415281,1.315676851272598,7.158249646820885,9.09032520665641,1.7968310887024197,0.23754332492387764,9.713950940416396,1.8097695270948977,8.543850933695792,4.922778564480348,1.9778485952254163,1.7544248124177717,0.9460799845050644,1.0781529724664114,0.7825434018595547,5.9295085143492745,0.16352387258502277,0.3910815366517607,0.9694123223352875,0.25813343270112754,5.253893316330338,3.251900642246949,7.734731256866007,1.3087366071834983,9.698210450785448,4.5378954138363925,2.3605046334646396,0.7349674733001266,0.42254001966632737,1.0875705022564335,0.7403060352194439
sample_31.jpg,/path/to/sample_31.jpg,polyester,"fBm(H=0.632, σ=1.362)",True,/path/to/overlay_31.png,63.42213950984563,6.171449866040301,7.067772168854458,1.6704190790094986,1.6761921628831766,9.351213868053458,187.78251384173834,169.2701545435603,3.797047005998511,6.753363591753577,8.056701529500533,5.853543643967521,8.682712805132587,2.0584121003676827,1.1191961939772788,2.697496115169896,0.5708685608931485,0.531169528001032,9.366056922949614,0.39343540668509647,1.221099140100268,4.521990282834353,7.471000140223239,0.700696599455826,1.0637461365079457,0.178988432195745,0.3818520818279688,9.86630122958847,0.9651186964360455,0.004939980934409616,0.951811785423239,0.6391199378155004,6.943346356160177,4.547398556338591,5.155960285792503,4.888465802569202,6.668642575461043,1.396512547563129,0.2997358987267795,3.079299415911909,1.4388934491996288,0.48352155903360183,1.3795216233173428
sample_32.jpg,/path/to/sample_32.jpg,denim,"fBm(H=0.688, σ=0.688)",True,/path/to/overlay_32.png,171.5135401474072,4.437502193045711,8.681422543775053,1.771497894473859,6.926259522261645,213.71939886026811,240.87662596587592,174.22824721385967,3.9773981120674184,4.942777921609711,8.689049844787181,5.706097466388297,0.3038705969683686,9.309486955069778,6.895267510315612,6.765133857772465,2.1567515239771717,0.6588854702326572,3.938644056541585,6.512329770414921,1.0659303030799072,6.5784530460303605,7.9953098061653325,0.19160287383505645,1.9566309500205028,0.8731251253734541,1.7544315556407923,7.823854840582735,0.5670162609866678,0.7384492092513265,0.8785155613013479,0.404140321651033,2.6162652925059096,6.675933855635847,8.078459419412585,7.622851347766158,7.978136488586345,4.35583314812933,8.178342161750216,1.2020905537060844,1.1345292861256142,0.11094145494643098,0.7167130768105135
sample_33.jpg,/path/to/sample_33.jpg,cotton,"fBm(H=0.447, σ=1.292)",True,/path/to/overlay_33.png,177.34413770591485,3.885581012703457,4.486936226225307,2.375441308743275,3.732517916293401,57.95375495210362,18.664960560953126,153.87939131225136,5.34570238844013,4.955922768076916,4.6349404380057235,3.797857801792298,8.633336495718252,5.190817851362181,4.79181877629731,0.2564206580643569,3.4124782762615635,0.38019561878585706,3.988227808969005,5.801723692273323,5.336025467268785,6.079050927934446,6.119066092337026,1.6446729035605776,1.4644338448303393,1.9154950223143759,0.1346419070850871,1.957779856835461,0.00756287497814212,0.647474714154603,0.8980305489499869,0.24348229657629927,7.416276358370453,0.6026739028956085,9.344360268055143,3.516226872396344,1.0142082844921652,4.858717591863257,2.567765677205079,2.8487290196192285,0.6838509333599444,1.6257492058820606,1.1244064256829835
sample_34.jpg,/path/to/sample_34.jpg,polyester,"fBm(H=0.425, σ=1.721)",True,/path/to/overlay_34.png,182.61842192691435,2.7262400073353374,4.135491015253515,1.2188609333694755,1.8114934953468032,173.6850527610706,46.26677866238487,133.91666283510034,5.672370093779461,0.8550153847579507,5.673122196289036,2.5656278370136376,9.629268752375799,4.835456467199247,8.059925497751582,5.502265421562617,0.43412532854819164,0.6331513755940223,9.51403342206657,6.016118201463312,8.191888594267901,8.842064633484078,1.8246381755914598,0.5028851958256306,1.2608638788168842,0.8809540926327389,1.6957364754467688,9.000231233980111,0.3534213793027181,0.23687055897448206,0.7805255152438618,0.2748060355481361,6.580914548109427,4.237382536487628,6.675498992914704,0.9553531383466818,6.23859324676573,4.517676787372292,5.866084631754741,1.6801420774486342,1.5000601153939461,1.7393144473321343,0.5118056201724737
sample_35.jpg,/path/to/sample_35.jpg,denim,"fBm(H=0.338, σ=0.547)",True,/path/to/overlay_35.png,163.70273261303282,6.070940360887808,5.4669741271407,2.3194709611597544,3.9090599590551465,151.5914654724741,126.67554900908819,251.88530765479626,1.091518020453865,5.56115643238075,4.043187681042921,4.281996149256147,7.175977656581763,6.924361513243697,9.912559937021882,1.2839428945412523,1.0410964938416634,0.7243388171287412,5.783869170064091,2.7416066655980584,0.794193689889866,0.8565824959643054,7.153526997312946,0.4645479169656115,0.7144059680194894,0.5306471642312772,0.7744929810806809,0.6942384274609337,0.5190597909082704,0.0676125635922149,0.8003565078223616,0.23371208191043302,4.320095316836085,8.800790875614583,6.5087736904719415,5.329577865513353,3.243337531153756,3.330019130581979,6.694869551981901,9.941393612211675,1.3574944607138193,1.1597884930030473,1.4882359694545677
sample_36.jpg,/path/to/sample_36.jpg,cotton,"fBm(H=0.486, σ=0.620)",True,/path/to/overlay_36.png,143.385688048867,9.576252845053801,1.7530294235765964,6.900048908206657,2.0093368865905648,136.63605954063573,24.652494659913504,114.84458874583721,6.0493066311619685,2.7805721939118566,6.64911724487218,7.954499607897292,9.271778194794527,2.3464208185545354,3.993159158093081,1.5241601333041743,9.924835021583752,0.9270009679242953,5.399571302805596,8.420332943764212,5.209579772720422,6.2358568800275975,0.7129954569281329,1.535013798943935,0.3426556189069462,1.669528497479804,1.5858533665737333,7.087446977429765,0.036160380524762115,0.3031283559453286,0.26311256991084286,0.3601364074715191,0.7011419741107083,9.369578230310628,5.538022407123763,3.0552431065802352,3.969815170742834,4.472025405048356,6.005943333606173,5.156794276964978,1.846844749107393,1.0442306175210774,1.985100228164294
sample_37.jpg,/path/to/sample_37.jpg,polyester,"fBm(H=0.641, σ=0.917)",True,/path/to/overlay_37.png,237.30177973419865,1.163663978854761,8.174497084911916,3.806232934765801,8.779743204450694,221.35445597739985,205.5109770299934,201.45776125830065,2.4374331127843263,0.6473542644100174,4.029801787651614,1.7352451498650867,6.9495108890246176,3.4609972653778556,9.756102008599148,6.40972077345332,8.224805636343609,0.13252467274184843,8.620144822726225,9.227571905133944,4.870619188189359,6.062529377509774,6.1184784072239635,0.4321933917947839,1.0548755452805405,0.8574597527673948,0.37811058510827333,3.6753442229153146,0.06817230938549357,0.025811906949486985,0.13516628915482276,0.9631151115891738,4.396236287160136,9.6582216115322,4.32497878330132,3.1181613308525957,5.061418628402441,4.3951168863291015,1.0566468426174391,6.408263146902062,0.5104725467682393,1.2772171143058761,1.3353820755564914
sample_38.jpg,/path/to/sample_38.jpg,denim,"fBm(H=0.361, σ=0.623)",True,/path/to/overlay_38.png,199.09420444745214,4.5980042376932015,0.5816379550547579,9.948663171697671,0.5778056099636664,177.23398335893106,250.83812594217048,60.99092657506103,1.1379949494975694,0.9710795153794312,3.0327514756759557,1.010458110106467,6.9216134169413195,0.6229179813006269,5.094221281497897,9.966968538529768,8.139702695060189,0.6152194382310109,3.062536207866117,6.238958362916385,5.270414639116517,4.260833838903714,1.0456830139215958,1.7845480089568868,0.9545908327605127,0.46978277245945366,0.7987427666668502,4.1412975252892705,0.8275378955668743,0.733614380561402,0.7693048936413398,0.011031264428647214,3.329231985438092,4.813441516353237,0.19192276823056686,2.598132087450342,7.60289823122135,1.3710970572899905,5.353101314525917,2.152018720172375,0.12302947182339723,0.5582827694391288,1.9541601343291022
sample_39.jpg,/path/to/sample_39.jpg,cotton,"fBm(H=0.621, σ=2.419)",True,/path/to/overlay_39.png,124.40278120122242,1.097361986775035,5.47959488973693,4.543773345599609,8.44357082739616,25.01105809998237,124.50148994055344,38.26240949696599,2.59740741512048,5.898856619102397,4.7601812936876655,3.7588828514576935,3.944762785700353,4.594467684059866,7.850165438370569,8.920846889402345,9.553346865039282,0.7869033862552951,3.1540689574801273,6.881347060865421,4.376031240553919,2.5467062204605115,6.726972635407381,0.17301006302841748,1.8133477850573048,0.9768071827869949,1.310682805935733,6.593539222057827,0.8951177407065364,0.6366696821672073,0.6139335847600618,0.06665204056068996,4.147264175561633,1.5016900081704165,7.374337687214856,5.122219208126745,6.802277792083533,0.41672900602384266,0.8479201604580322,7.163233880626823,0.2369602383974794,0.23538778275399133,0.12300610294628617
sample_40.jpg,/path/to/sample_40.jpg,polyester,"fBm(H=0.683, σ=1.975)",True,/path/to/overlay_40.png,90.07910916802636,2.9653558128765525,3.4970322974584955,7.746535311811819,6.613706110704144,47.224869806204325,44.397880510191506,25.090890676916317,5.282421757610705,6.1149812977738875,2.6504642832500402,0.20944961030912812,0.8217166747642735,9.678600348450304,2.9544477747742026,7.692231478381336,6.2466356885426375,0.3819396396528959,2.0568726219555513,1.2138641815940643,6.150129680388666,7.74633780637788,5.151234028329045,1.1075740531734009,0.1797073245201089,1.9401286774293292,1.6175569641436918,2.928220367009647,0.9799703293588506,0.6018815896363221,0.5824226582072465,0.7480731794295321,6.4941583047211004,6.564786073315027,1.2809574636620003,3.382675059944984,9.280836403260498,2.2461561184385195,3.7216702383751334,4.32076882944196,0.934869480419459,1.2645852067395986,1.8918440917149444
sample_41.jpg,/path/to/sample_41.jpg,denim,"fBm(H=0.396, σ=0.743)",True,/path/to/overlay_41.png,50.354974914284014,8.869249002092696,6.458108126552061,2.859067892391601,8.159469389686173,219.6493490726762,215.8611563660209,234.32626607808638,2.0179281613868927,6.040335429970226,4.6053949727414,8.419985528900614,7.284906771616132,7.764474464997246,6.561618376810715,1.7742876946970687,5.450269188969383,0.9846697395245082,9.373880664971189,0.4317373579701167,1.6481481572943713,1.317287734545619,5.807839279882364,1.6537921267281956,0.5056715959902767,1.0611201166084752,1.69733575322128,7.328015447662506,0.5422372054918483,0.5903476904587729,0.50836054691628,0.2975484513188206,4.520175942872129,6.888853020500907,8.733229158608077,6.362913539792481,7.61121537043158,1.60071634954573,4.6155747441978985,0.09331619827093296,0.5686898425910837,1.4802772587147093,1.9844389075637905
sample_42.jpg,/path/to/sample_42.jpg,cotton,"fBm(H=0.340, σ=1.303)",True,/path/to/overlay_42.png,204.0180970182857,2.0403563462889887,5.550849493022863,7.330712960296748,6.159854502601791,47.94630732693111,90.62306501486356,199.86690504377628,4.433812113056133,0.04183690834330189,7.6099076002809385,0.3531135494023907,7.457337827312322,2.024805601652374,9.580734801193802,3.679407513020845,3.269316163380791,0.14888805033244468,3.0560421549021486,8.766507618282006,9.963343376272473,3.683095305068483,3.5888850476363405,1.4719347825852005,1.7837719828836416,1.2267842349548899,0.8438988265378757,4.126218408486237,0.6956181464968069,0.0032182636042786816,0.6195893374598407,0.3554930104413574,6.353578650216674,0.9299063982313216,5.882022669483905,4.809728898861238,6.423255259052274,0.6485359448296835,5.799837874281312,5.614845879595237,1.1652541793907247,1.246626566533264,1.3852890807300882
sample_43.jpg,/path/to/sample_43.jpg,polyester,"fBm(H=0.622, σ=1.040)",True,/path/to/overlay_43.png,210.38759959591582,4.982556822634536,0.7705827913433116,0.585509292439792,3.3423831869606078,200.14872916342424,180.4586383589335,201.09681599146364,4.138152451532875,3.5215919836439245,1.4745252670628395,3.2819275360931153,4.340193661738753,0.8860042967961723,2.2061195271121123,5.982252940637388,7.356631142391898,0.9983475113929496,9.331133313435577,6.425651995351915,4.21248053294072,6.361773647082327,6.285212944641856,0.3248387627544359,0.8788192904229476,1.6956243427076727,0.8292826086727836,5.718722712271865,0.5877693608621982,0.18447625313363936,0.3622354416522884,0.33451128874193214,0.20957366825651835,0.24191763891355245,8.316970436757735,2.7307080997281243,5.180787662388155,2.9872557358877305,9.406792451153406,2.5929675886577375,0.9163479442039766,1.7581874759207434,1.6996737769044363
sample_44.jpg,/path/to/sample_44.jpg,denim,"fBm(H=0.374, σ=2.105)",True,/path/to/overlay_44.png,116.83765611816263,4.829688720853552,1.3347997241594378,0.8060151375712465,7.279393069737652,126.59759385060144,111.39692916687079,186.02459830636116,6.124103191928878,1.2712653413548285,6.102251494776413,1.3535408227768553,7.513750860290457,6.569551562671395,9.56614621083458,0.6895801635642118,0.5705472115125432,0.28218707469320015,2.6170568373590597,2.469787990719998,9.062545805210366,2.495461998495061,2.175597809029048,1.542856698594131,0.9545057006560259,1.5757500582148443,0.22419569937233197,4.875711936733843,0.03361360018328263,0.06265320345535452,0.906437453344411,0.13924537111759516,4.259365458201737,4.110956026007066,3.4734332625884266,8.998333456872725,0.218233967754895,6.637896861755891,9.633944342135504,5.60168183461842,1.8799626778628744,0.19928997064344517,0.8957073062409066
sample_45.jpg,/path/to/sample_45.jpg,cotton,"fBm(H=0.404, σ=1.962)",True,/path/to/overlay_45.png,250.2307580767979,2.565300624442478,6.5417460147407445,1.9809763275974013,5.653302545716099,118.30278410552573,247.86135905604195,155.17445453759896,2.7960509766945503,0.912766279103467,1.5124682873493456,2.2531692995123507,2.50966661340298,8.506160578411379,5.612227882825249,5.233909113743664,1.1476887186921747,0.860139693349435,7.228143032084837,0.6766836190000158,7.078350972297686,5.4353821734264605,0.653802765974226,0.9707712189044472,1.0209229455470892,0.4149716263102239,1.8968264793005365,8.49975371480662,0.6690223373291083,0.4622955610006072,0.4117655415845085,0.6509734671509542,4.363454955255244,0.6227310588188562,5.125026487703317,8.064036172328395,4.59239877596958,0.5195657755426841,7.862781993840331,2.013637821359744,0.5913795862872736,0.4129420715213622,0.7274086232558453
sample_46.jpg,/path/to/sample_46.jpg,polyester,"fBm(H=0.603, σ=1.539)",True,/path/to/overlay_46.png,52.2447249084317,8.778300781520409,8.795818549515293,8.70578425046007,2.3879621138153926,115.06603276615196,251.17236231592315,196.86318145904755,0.21733936980447854,0.5216367300839364,4.639313768123328,9.092202058615602,5.387017979527142,4.9781250803429025,1.0547369995663058,6.5678010472429404,8.221031606002255,0.38042000750756233,7.756118509253275,9.644766539008117,2.037664591276891,5.233296311947413,2.2971036646766043,1.6064233961642949,1.1974273951741994,1.3057065933455771,1.6160369032701987,3.959704726624549,0.9150900684070432,0.53302886724614,0.157954822835348,0.6958991181688025,6.346090803506035,3.1676167706752665,8.57179256998753,9.061432547657663,2.769044873778089,9.83521472715222,1.4071152804875842,2.0201566840249,0.4500271945522496,1.7985804490149537,1.3431558494174276
sample_47.jpg,/path/to/sample_47.jpg,denim,"fBm(H=0.361, σ=1.381)",True,/path/to/overlay_47.png,156.90099639279953,0.8346408498938329,8.824163684073387,8.036035354415352,5.052067735766382,246.61728689108847,106.52904971515042,250.94813135430695,5.3433599904290165,5.077370186031532,1.65954895295785,8.81927758304644,4.2748968792061515,1.6223340578247936,0.1260751997575904,5.597556836383825,5.2739962212267635,0.7193536223691586,8.902580530178021,0.7940658464302952,7.314964903403624,1.8741194409758222,6.865416425257312,1.6562206763371465,1.1275081344725344,1.4494613173842918,0.6972652150491219,4.7116789893281465,0.8216368977104717,0.4592651971732139,0.3577982653254418,0.4942124472502999,6.625994019497747,3.3520804737087273,1.737615931357438,7.120140203307807,8.259782127080818,1.0063747852353333,2.3987411275594472,1.419719897609939,0.7610886820061166,0.955666859920284,1.5227700402302824
sample_48.jpg,/path/to/sample_48.jpg,cotton,"fBm(H=0.560, σ=1.742)",True,/path/to/overlay_48.png,89.85561138546187,8.4144755308476,4.712871673981645,9.791049380151545,6.3414213829573685,32.197509098948196,172.42527832923568,82.90152393508323,5.490617573488779,0.5571291852992459,1.7488143717595939,8.557372589057863,2.271795570235149,8.3704112524294,2.792760884544104,6.428819100587076,6.9415057350983105,0.5126547531450529,3.053106766967313,2.126443763710961,0.3318935456242622,3.039464012407238,5.225302324250264,1.8827791550521171,1.7552885162997989,1.555523075417075,1.5980499521812674,6.649849034759953,0.260286857566003,0.9071950307058299,0.670732311905834,0.56044063098044,0.8879157537078486,4.470555438064254,4.6035827120192625,8.645636095226699,5.466482201877884,3.8040054897040965,9.768003285106593,1.1072059332631567,0.9028420137926947,0.17984688282567007,1.5058178294571678
sample_49.jpg,/path/to/sample_49.jpg,polyester,"fBm(H=0.667, σ=1.060)",True,/path/to/overlay_49.png,218.87712758377583,2.9221823046189774,9.107701616439153,7.5396190359678394,8.049067768414385,4.5916716781158975,245.5166410538766,185.30110297793243,2.4380087630890666,6.6351573188707755,2.8152119841492995,8.727538395661279,1.1258039041193701,7.036859774607958,5.406984766449103,0.9653447019544081,2.41893828258839,0.01240403627731479,4.687679654645058,3.0126526076000038,5.983574842977588,2.972378077086172,2.3993528920558775,1.5120670775900464,0.19147138835887156,1.8155004908647758,1.7193013613432448,6.678046832264065,0.5932215701073843,0.8923024981396522,0.18533017952871444,0.07896916219082861,1.9160813592763049,7.945782787001903,0.34670266726483323,5.828068350834896,9.954375161913099,8.556960938375394,5.214456890435894,0.6364090928664234,1.6796096773328486,1.2380591655367001,0.31837269441317695
